{"stats":{"minecraft:dropped":{"irons_spellbooks:scroll":1,"chococraft:gysahl_green_seeds":1,"chococraft:gysahl_green":6,"minecraft:dirt":448,"simplefarming:raspberries":1,"minecraft:bone":2,"minecraft:gravel":1},"minecraft:picked_up":{"irons_spellbooks:scroll":4,"runecraft_metals_of_gielinor:adamantite_ingot":3,"minecraft:name_tag":2,"minecraft:wheat":6,"minecraft:bone":21,"simplehats:hatbag_rare":1,"chococraft:gysahl_green":9,"irons_spellbooks:affinity_ring":1,"irons_spellbooks:arcane_essence":8,"tombstone:scroll_of_knowledge":1,"simplefarming:raspberries":1,"minecraft:golden_apple":2,"tombstone:bag_of_seeds":1,"chococraft:gysahl_green_seeds":2,"minecraft:bread":3,"simplefarming:raspberry_bush":1,"minecraft:string":7,"minecraft:iron_horse_armor":1,"runecraft_metals_of_gielinor:runite_ingot":1},"minecraft:killed":{"majruszsdifficulty:cursed_armor":1},"minecraft:custom":{"minecraft:time_since_rest":10780,"minecraft:open_chest":7,"minecraft:crouch_one_cm":1333,"minecraft:sprint_one_cm":21129,"minecraft:play_time":10780,"minecraft:walk_one_cm":20062,"minecraft:sneak_time":586,"minecraft:mob_kills":1,"minecraft:drop":363,"minecraft:jump":232,"minecraft:damage_dealt":252,"minecraft:leave_game":2,"minecraft:time_since_death":10780,"minecraft:total_world_time":10780,"minecraft:damage_dealt_absorbed":71,"minecraft:fly_one_cm":324827},"minecraft:used":{"minecraft:bedrock":69,"wom:antitheus":7,"securitycraft:keypad_door_item":1,"minecraft:gravel":204,"biomesoplenty:magic_hanging_sign":2}},"DataVersion":3465}